[{ "id": 1, "images": ["1.jpeg", "2.jpeg", "3.jpeg"], "name": "Cation Casual 3/4th Sleeve Solid Women's Red Top", "desc": "Lorem ipsum dolor sit amet, consectetur adipiscing elit. Nunc sed est consectetur, sollicitudin dolor vel, posuere tortor. Morbi dui ex, pretium vitae pharetra sed, sodales id mauris.", "price": 243, "img": "1.jpeg", "rating": 4.5, "reviews": 216, "allRatings": [{ "5": 14 }, { "4": 9 }, { "3": 11 }, { "2": 2 }, { "1": 8 }], "category": "fashion" }, { "id": 2, "images": ["1.jpeg", "2.jpeg", "3.jpeg"], "name": "Fashion Line Casual Short Sleeve Solid Women's Black Top", "desc": "Lorem ipsum dolor sit amet, consectetur adipiscing elit. Nunc sed est consectetur, sollicitudin dolor vel, posuere tortor. Morbi dui ex, pretium vitae pharetra sed, sodales id mauris.", "price": 553, "img": "1.jpeg", "rating": 4.1, "reviews": 187, "sizeList": ["XS", "S", "M", "L", "XL"], "allRatings": [{ "5": 14 }, { "4": 9 }, { "3": 11 }, { "2": 2 }, { "1": 8 }], "category": "fashion" }, { "id": 3, "images": ["1.jpeg", "2.jpeg", "3.jpeg"], "name": "Fashion Line Casual Short Sleeve Solid Women's Black Top", "desc": "Lorem ipsum dolor sit amet, consectetur adipiscing elit. Nunc sed est consectetur, sollicitudin dolor vel, posuere tortor. Morbi dui ex, pretium vitae pharetra sed, sodales id mauris.", "price": 553, "img": "1.jpeg", "rating": 4.1, "reviews": 187, "sizeList": ["XS", "S", "M", "L", "XL"], "allRatings": [{ "5": 14 }, { "4": 9 }, { "3": 11 }, { "2": 2 }, { "1": 8 }], "category": "fashion" }, { "id": 4, "images": ["1.jpeg", "2.jpeg", "3.jpeg"], "name": "Fashion Line Casual Short Sleeve Solid Women's Black Top", "desc": "Lorem ipsum dolor sit amet, consectetur adipiscing elit. Nunc sed est consectetur, sollicitudin dolor vel, posuere tortor. Morbi dui ex, pretium vitae pharetra sed, sodales id mauris.", "price": 553, "img": "1.jpeg", "rating": 4.1, "reviews": 187, "sizeList": ["XS", "S", "M", "L", "XL"], "allRatings": [{ "5": 14 }, { "4": 9 }, { "3": 11 }, { "2": 2 }, { "1": 8 }], "category": "fashion" }, { "id": 5, "images": ["1.jpeg", "2.jpeg", "3.jpeg"], "name": "Fashion Line Casual Short Sleeve Solid Women's Black Top", "desc": "Lorem ipsum dolor sit amet, consectetur adipiscing elit. Nunc sed est consectetur, sollicitudin dolor vel, posuere tortor. Morbi dui ex, pretium vitae pharetra sed, sodales id mauris.", "price": 553, "img": "1.jpeg", "rating": 4.1, "reviews": 187, "sizeList": ["XS", "S", "M", "L", "XL"], "allRatings": [{ "5": 14 }, { "4": 9 }, { "3": 11 }, { "2": 2 }, { "1": 8 }], "category": "fashion" }, { "id": 6, "images": ["1.jpeg", "2.jpeg", "3.jpeg"], "name": "Fashion Line Casual Short Sleeve Solid Women's Black Top", "desc": "Lorem ipsum dolor sit amet, consectetur adipiscing elit. Nunc sed est consectetur, sollicitudin dolor vel, posuere tortor. Morbi dui ex, pretium vitae pharetra sed, sodales id mauris.", "price": 553, "img": "1.jpeg", "rating": 4.1, "reviews": 187, "sizeList": ["XS", "S", "M", "L", "XL"], "allRatings": [{ "5": 14 }, { "4": 9 }, { "3": 11 }, { "2": 2 }, { "1": 8 }], "category": "fashion" }, { "id": 7, "images": ["1.jpeg", "2.jpeg", "3.jpeg"], "name": "VibeX ™ Econoled Long Stem Dipped 24k Gold Trim Red Rose in Box Artificial Flower Gift Set", "desc": "Lorem ipsum dolor sit amet, consectetur adipiscing elit. Nunc sed est consectetur, sollicitudin dolor vel, posuere tortor. Morbi dui ex, pretium vitae pharetra sed, sodales id mauris.", "price": 547, "img": "1.jpeg", "rating": 3.5, "reviews": 216, "allRatings": [{ "5": 14 }, { "4": 9 }, { "3": 11 }, { "2": 2 }, { "1": 8 }], "category": "gifts" }, { "id": 8, "images": ["1.jpeg", "2.jpeg", "3.jpeg"], "name": "Tiedribbons Can'T Help Falling In Love Cushion Mug And Key Ring Best Gift For Valentine'S Day,", "desc": "Lorem ipsum dolor sit amet, consectetur adipiscing elit. Nunc sed est consectetur, sollicitudin dolor vel, posuere tortor. Morbi dui ex, pretium vitae pharetra sed, sodales id mauris.", "price": 433, "img": "1.jpeg", "rating": 4.9, "reviews": 487, "allRatings": [{ "5": 14 }, { "4": 9 }, { "3": 11 }, { "2": 2 }, { "1": 8 }], "category": "gifts" }, { "id": 9, "images": ["1.jpeg", "2.jpeg", "3.jpeg"], "name": "Tiedribbons Fathers day Gift for Mom Dad97 Mug Gift Set", "desc": "Lorem ipsum dolor sit amet, consectetur adipiscing elit. Nunc sed est consectetur, sollicitudin dolor vel, posuere tortor. Morbi dui ex, pretium vitae pharetra sed, sodales id mauris.", "price": 553, "img": "1.jpeg", "rating": 4.1, "reviews": 187, "allRatings": [{ "5": 14 }, { "4": 9 }, { "3": 11 }, { "2": 2 }, { "1": 8 }], "category": "gifts" }, { "id": 10, "images": ["1.jpeg", "2.jpeg", "3.jpeg"], "name": "Dunkin' Donuts Original Blend Coffee 40oz Home Grocery Product", "desc": "Lorem ipsum dolor sit amet, consectetur adipiscing elit. Nunc sed est consectetur, sollicitudin dolor vel, posuere tortor. Morbi dui ex, pretium vitae pharetra sed, sodales id mauris.", "price": 123, "img": "1.jpeg", "rating": 3.5, "reviews": 216, "allRatings": [{ "5": 14 }, { "4": 9 }, { "3": 11 }, { "2": 2 }, { "1": 8 }], "category": "groceries" }, { "id": 11, "images": ["1.jpeg"], "name": "good knight", "desc": "Lorem ipsum dolor sit amet, consectetur adipiscing elit. Nunc sed est consectetur, sollicitudin dolor vel, posuere tortor. Morbi dui ex, pretium vitae pharetra sed, sodales id mauris.", "price": 143, "img": "1.jpeg", "rating": 4.9, "reviews": 487, "allRatings": [{ "5": 14 }, { "4": 9 }, { "3": 11 }, { "2": 2 }, { "1": 8 }], "category": "groceries" }, { "id": 12, "images": ["1.jpeg"], "name": "Johnson's Buds (150 count)", "desc": "Lorem ipsum dolor sit amet, consectetur adipiscing elit. Nunc sed est consectetur, sollicitudin dolor vel, posuere tortor. Morbi dui ex, pretium vitae pharetra sed, sodales id mauris.", "price": 433, "img": "1.jpeg", "rating": 4.1, "reviews": 187, "allRatings": [{ "5": 14 }, { "4": 9 }, { "3": 11 }, { "2": 2 }, { "1": 8 }], "category": "groceries" }, { "id": 13, "images": ["1.jpeg"], "name": "Philips IN-SPA3800B/94 Portable Bluetooth Home Audio Speaker  (Black, 5.1 Channel)", "desc": "Lorem ipsum dolor sit amet, consectetur adipiscing elit. Nunc sed est consectetur, sollicitudin dolor vel, posuere tortor. Morbi dui ex, pretium vitae pharetra sed, sodales id mauris.", "price": 123, "img": "1.jpeg", "rating": 3.5, "reviews": 216, "allRatings": [{ "5": 14 }, { "4": 9 }, { "3": 11 }, { "2": 2 }, { "1": 8 }], "category": "home" }, { "id": 14, "images": ["1.jpeg"], "name": "Philips IN-RL205/N FM Radio", "desc": "Lorem ipsum dolor sit amet, consectetur adipiscing elit. Nunc sed est consectetur, sollicitudin dolor vel, posuere tortor. Morbi dui ex, pretium vitae pharetra sed, sodales id mauris.", "price": 143, "img": "1.jpeg", "rating": 4.9, "reviews": 487, "allRatings": [{ "5": 14 }, { "4": 9 }, { "3": 11 }, { "2": 2 }, { "1": 8 }], "category": "home" }, { "id": 15, "images": ["1.jpeg"], "name": "Zebronics BT4440 RUCF Bluetooth Home Audio Speaker  (Black, 4.1 Channel)", "desc": "Lorem ipsum dolor sit amet, consectetur adipiscing elit. Nunc sed est consectetur, sollicitudin dolor vel, posuere tortor. Morbi dui ex, pretium vitae pharetra sed, sodales id mauris.", "price": 433, "img": "1.jpeg", "rating": 4.1, "reviews": 187, "allRatings": [{ "5": 14 }, { "4": 9 }, { "3": 11 }, { "2": 2 }, { "1": 8 }], "category": "home" }, { "id": 16, "images": ["1.jpeg", "2.jpeg", "3.jpeg"], "name": "Bella Moda Gathered For Girl's  (Blue Sleeveless)", "desc": "Lorem ipsum dolor sit amet, consectetur adipiscing elit. Nunc sed est consectetur, sollicitudin dolor vel, posuere tortor. Morbi dui ex, pretium vitae pharetra sed, sodales id mauris.", "price": 547, "img": "1.jpeg", "rating": 3.5, "reviews": 216, "allRatings": [{ "5": 14 }, { "4": 9 }, { "3": 11 }, { "2": 2 }, { "1": 8 }], "category": "kids" }, { "id": 17, "images": ["1.jpeg", "2.jpeg", "3.jpeg"], "name": "Aarika Fit and Flare Dress For Girl's  (Red Sleeveless)", "desc": "Lorem ipsum dolor sit amet, consectetur adipiscing elit. Nunc sed est consectetur, sollicitudin dolor vel, posuere tortor. Morbi dui ex, pretium vitae pharetra sed, sodales id mauris.", "price": 433, "img": "1.jpeg", "rating": 4.9, "reviews": 487, "sizeList": ["XS", "S", "M", "L", "XL"], "allRatings": [{ "5": 14 }, { "4": 9 }, { "3": 11 }, { "2": 2 }, { "1": 8 }], "category": "kids" }, { "id": 18, "images": ["1.jpeg", "2.jpeg", "3.jpeg"], "name": "Aarika Fit and Flare Dress For Girl's  (Pink Sleeveless)", "desc": "Lorem ipsum dolor sit amet, consectetur adipiscing elit. Nunc sed est consectetur, sollicitudin dolor vel, posuere tortor. Morbi dui ex, pretium vitae pharetra sed, sodales id mauris.", "price": 553, "img": "1.jpeg", "rating": 4.1, "reviews": 187, "sizeList": ["XS", "S", "M", "L", "XL"], "allRatings": [{ "5": 14 }, { "4": 9 }, { "3": 11 }, { "2": 2 }, { "1": 8 }], "category": "kids" }, { "id": 19, "images": ["1.jpeg", "2.jpeg", "3.jpeg"], "name": "Aarika Layered For Girl's  (Black Sleeveless)", "desc": "Lorem ipsum dolor sit amet, consectetur adipiscing elit. Nunc sed est consectetur, sollicitudin dolor vel, posuere tortor. Morbi dui ex, pretium vitae pharetra sed, sodales id mauris.", "price": 999, "img": "1.jpeg", "rating": 3.1, "reviews": 234, "sizeList": ["XS", "S", "M", "L", "XL"], "allRatings": [{ "5": 14 }, { "4": 9 }, { "3": 11 }, { "2": 2 }, { "1": 8 }], "category": "kids" }, { "id": 20, "images": ["1.jpeg", "2.jpeg", "3.jpeg"], "name": "BRUTON 4G-1 Running Shoes  (Black, Blue)", "desc": "Lorem ipsum dolor sit amet, consectetur adipiscing elit. Nunc sed est consectetur, sollicitudin dolor vel, posuere tortor. Morbi dui ex, pretium vitae pharetra sed, sodales id mauris.", "price": 3421, "img": "1.jpeg", "rating": 3.5, "reviews": 216, "allRatings": [{ "5": 14 }, { "4": 9 }, { "3": 11 }, { "2": 2 }, { "1": 8 }], "category": "sports" }, { "id": 21, "images": ["1.jpeg", "2.jpeg", "3.jpeg"], "name": "Adidas ADIRAY M Running Shoes  (Black)", "desc": "Lorem ipsum dolor sit amet, consectetur adipiscing elit. Nunc sed est consectetur, sollicitudin dolor vel, posuere tortor. Morbi dui ex, pretium vitae pharetra sed, sodales id mauris.", "price": 3456, "img": "1.jpeg", "rating": 4.9, "reviews": 487, "sizeList": ["XS", "S", "M", "L", "XL"], "allRatings": [{ "5": 14 }, { "4": 9 }, { "3": 11 }, { "2": 2 }, { "1": 8 }], "category": "sports" }, { "id": 22, "images": ["1.jpeg", "2.jpeg", "3.jpeg"], "name": "Adidas KRAY 1.0 M Running Shoes  (Navy, White)", "desc": "Lorem ipsum dolor sit amet, consectetur adipiscing elit. Nunc sed est consectetur, sollicitudin dolor vel, posuere tortor. Morbi dui ex, pretium vitae pharetra sed, sodales id mauris.", "price": 1234, "img": "1.jpeg", "rating": 4.1, "reviews": 187, "sizeList": ["XS", "S", "M", "L", "XL"], "allRatings": [{ "5": 14 }, { "4": 9 }, { "3": 11 }, { "2": 2 }, { "1": 8 }], "category": "sports" }]
